Booklet design;1;1;2021-01-09;2021-01-26
Wifi network modernization;1;1;2021-02-05;2021-02-19
Information security audit;1;1;2021-03-09;2021-03-21
Rebranding;1;1;2021-04-04;2021-04-20
Information security audit;1;1;2021-05-05;2021-05-21
Rebranding;1;1;2021-06-03;2021-06-23
Researching;1;1;2021-07-09;2021-07-23
Mobile app development;1;1;2021-08-09;2021-08-16
Wifi network modernization;1;1;2021-09-05;2021-09-17
Website design;1;1;2021-10-03;2021-10-21
Customer survey;1;1;2021-11-01;2021-11-07
Staff training;1;1;2021-12-08;2021-12-13
Call center launching;1;2;2021-01-07;2021-01-12
Customer survey;1;2;2021-02-01;2021-02-12
Mobile app development;1;2;2021-03-06;2021-03-16
Booklet design;1;2;2021-04-06;2021-04-23
Website design;1;2;2021-05-02;2021-05-09
Rebranding;1;2;2021-06-06;2021-06-24
1С maintenance;1;2;2021-07-03;2021-07-11
Booklet design;1;2;2021-08-03;2021-08-09
Customer survey;1;2;2021-09-10;2021-09-29
Booklet design;1;2;2021-10-09;2021-10-15
CRM development;1;2;2021-11-07;2021-11-13
Booklet design;1;2;2021-12-04;2021-12-23
Website design;1;3;2021-01-06;2021-01-23
Customer survey;1;3;2021-02-04;2021-02-09
Call center launching;1;3;2021-03-02;2021-03-19
Wifi network modernization;1;3;2021-04-03;2021-04-14
CRM development;1;3;2021-05-06;2021-05-23
Website development;1;3;2021-06-01;2021-06-13
1С maintenance;1;3;2021-07-09;2021-07-19
Researching;1;3;2021-08-01;2021-08-07
Customer survey;1;3;2021-09-08;2021-09-22
Website development;1;3;2021-10-09;2021-10-19
Staff training;1;3;2021-11-04;2021-11-20
Information security audit;1;3;2021-12-05;2021-12-10
Rebranding;1;4;2021-01-02;2021-01-12
Researching;1;4;2021-02-01;2021-02-13
Rebranding;1;4;2021-03-07;2021-03-20
CRM development;1;4;2021-04-07;2021-04-26
Call center launching;1;4;2021-05-02;2021-05-22
Researching;1;4;2021-06-05;2021-06-21
Call center launching;1;4;2021-07-06;2021-07-25
Wifi network modernization;1;4;2021-08-07;2021-08-22
CRM development;1;4;2021-09-06;2021-09-25
Mobile app development;1;4;2021-10-03;2021-10-18
Wifi network modernization;1;4;2021-11-02;2021-11-14
Mobile app development;1;4;2021-12-09;2021-12-20
Staff training;1;5;2021-01-10;2021-01-30
Information security audit;1;5;2021-02-10;2021-03-02
CRM development;1;5;2021-03-04;2021-03-12
Staff training;1;5;2021-04-10;2021-04-16
Staff training;1;5;2021-05-02;2021-05-19
CRM development;1;5;2021-06-07;2021-06-15
Mobile app development;1;5;2021-07-01;2021-07-08
Customer survey;1;5;2021-08-09;2021-08-14
Mobile app development;1;5;2021-09-08;2021-09-23
Call center launching;1;5;2021-10-09;2021-10-24
Website development;1;5;2021-11-02;2021-11-11
Mobile app development;1;5;2021-12-02;2021-12-15
Website development;1;6;2021-01-02;2021-01-14
Wifi network modernization;1;6;2021-02-10;2021-02-19
1С maintenance;1;6;2021-03-03;2021-03-19
Wifi network modernization;1;6;2021-04-10;2021-04-17
Mobile app development;1;6;2021-05-04;2021-05-17
Rebranding;1;6;2021-06-08;2021-06-25
Booklet design;1;6;2021-07-04;2021-07-16
Call center launching;1;6;2021-08-02;2021-08-09
CRM development;1;6;2021-09-01;2021-09-13
Website development;1;6;2021-10-10;2021-10-15
Information security audit;1;6;2021-11-02;2021-11-11
Rebranding;1;6;2021-12-06;2021-12-12
Staff training;1;7;2021-01-03;2021-01-11
Information security audit;1;7;2021-02-07;2021-02-22
Call center launching;1;7;2021-03-05;2021-03-17
Mobile app development;1;7;2021-04-08;2021-04-28
Call center launching;1;7;2021-05-02;2021-05-09
Information security audit;1;7;2021-06-09;2021-06-18
Booklet design;1;7;2021-07-03;2021-07-18
Researching;1;7;2021-08-02;2021-08-07
Mobile app development;1;7;2021-09-07;2021-09-26
Researching;1;7;2021-10-08;2021-10-27
Staff training;1;7;2021-11-07;2021-11-18
Website design;1;7;2021-12-08;2021-12-15
Website development;1;8;2021-01-07;2021-01-21
Rebranding;1;8;2021-02-05;2021-02-11
Wifi network modernization;1;8;2021-03-08;2021-03-25
CRM development;1;8;2021-04-06;2021-04-21
Information security audit;1;8;2021-05-03;2021-05-15
Booklet design;1;8;2021-06-07;2021-06-14
CRM development;1;8;2021-07-08;2021-07-16
Booklet design;1;8;2021-08-05;2021-08-14
Information security audit;1;8;2021-09-04;2021-09-24
Rebranding;1;8;2021-10-05;2021-10-18
Booklet design;1;8;2021-11-02;2021-11-10
Mobile app development;1;8;2021-12-05;2021-12-20
CRM development;1;9;2021-01-01;2021-01-13
Information security audit;1;9;2021-02-02;2021-02-12
Booklet design;1;9;2021-03-04;2021-03-14
Call center launching;1;9;2021-04-10;2021-04-24
Call center launching;1;9;2021-05-01;2021-05-08
Information security audit;1;9;2021-06-10;2021-06-17
1С maintenance;1;9;2021-07-03;2021-07-10
Staff training;1;9;2021-08-09;2021-08-21
CRM development;1;9;2021-09-08;2021-09-22
Call center launching;1;9;2021-10-06;2021-10-14
Website development;1;9;2021-11-04;2021-11-13
Information security audit;1;9;2021-12-10;2021-12-29
Website development;1;10;2021-01-06;2021-01-25
Rebranding;1;10;2021-02-10;2021-03-02
Customer survey;1;10;2021-03-04;2021-03-16
Website design;1;10;2021-04-07;2021-04-14
Website design;1;10;2021-05-07;2021-05-12
Staff training;1;10;2021-06-10;2021-06-22
Website development;1;10;2021-07-09;2021-07-22
Staff training;1;10;2021-08-03;2021-08-20
Website design;1;10;2021-09-01;2021-09-08
Mobile app development;1;10;2021-10-10;2021-10-19
Website design;1;10;2021-11-10;2021-11-28
Researching;1;10;2021-12-10;2021-12-29
Website design;2;11;2021-01-10;2021-01-27
Wifi network modernization;2;11;2021-02-07;2021-02-26
Booklet design;2;11;2021-03-08;2021-03-18
Call center launching;2;11;2021-04-06;2021-04-17
Customer survey;2;11;2021-05-08;2021-05-15
Website design;2;11;2021-06-01;2021-06-21
Rebranding;2;11;2021-07-09;2021-07-24
Booklet design;2;11;2021-08-02;2021-08-13
Website development;2;11;2021-09-08;2021-09-18
Wifi network modernization;2;11;2021-10-05;2021-10-23
Rebranding;2;11;2021-11-05;2021-11-11
Researching;2;11;2021-12-10;2021-12-25
Rebranding;2;12;2021-01-05;2021-01-14
Booklet design;2;12;2021-02-07;2021-02-18
Customer survey;2;12;2021-03-03;2021-03-13
Researching;2;12;2021-04-04;2021-04-21
Booklet design;2;12;2021-05-07;2021-05-15
Rebranding;2;12;2021-06-07;2021-06-12
Customer survey;2;12;2021-07-06;2021-07-18
Information security audit;2;12;2021-08-07;2021-08-23
Researching;2;12;2021-09-09;2021-09-24
Mobile app development;2;12;2021-10-07;2021-10-17
Information security audit;2;12;2021-11-08;2021-11-20
Mobile app development;2;12;2021-12-10;2021-12-19
Website design;2;13;2021-01-06;2021-01-16
CRM development;2;13;2021-02-02;2021-02-07
1С maintenance;2;13;2021-03-06;2021-03-19
CRM development;2;13;2021-04-02;2021-04-15
Booklet design;2;13;2021-05-04;2021-05-23
Customer survey;2;13;2021-06-03;2021-06-16
Information security audit;2;13;2021-07-01;2021-07-06
Booklet design;2;13;2021-08-04;2021-08-09
Researching;2;13;2021-09-04;2021-09-22
Information security audit;2;13;2021-10-09;2021-10-21
Booklet design;2;13;2021-11-06;2021-11-12
Website design;2;13;2021-12-03;2021-12-22
Customer survey;2;14;2021-01-04;2021-01-17
1С maintenance;2;14;2021-02-02;2021-02-17
Staff training;2;14;2021-03-06;2021-03-14
Rebranding;2;14;2021-04-06;2021-04-11
Researching;2;14;2021-05-03;2021-05-21
Booklet design;2;14;2021-06-01;2021-06-16
Booklet design;2;14;2021-07-06;2021-07-15
Wifi network modernization;2;14;2021-08-08;2021-08-22
Mobile app development;2;14;2021-09-02;2021-09-11
CRM development;2;14;2021-10-07;2021-10-22
Website design;2;14;2021-11-09;2021-11-26
Booklet design;2;14;2021-12-04;2021-12-12
Information security audit;2;15;2021-01-06;2021-01-13
Call center launching;2;15;2021-02-05;2021-02-24
CRM development;2;15;2021-03-03;2021-03-18
Information security audit;2;15;2021-04-05;2021-04-18
Website development;2;15;2021-05-07;2021-05-19
Booklet design;2;15;2021-06-04;2021-06-17
CRM development;2;15;2021-07-05;2021-07-24
Website design;2;15;2021-08-06;2021-08-25
Call center launching;2;15;2021-09-09;2021-09-16
Booklet design;2;15;2021-10-04;2021-10-10
CRM development;2;15;2021-11-06;2021-11-14
1С maintenance;2;15;2021-12-08;2021-12-18
Website development;2;16;2021-01-03;2021-01-23
Wifi network modernization;2;16;2021-02-03;2021-02-19
Call center launching;2;16;2021-03-09;2021-03-21
Rebranding;2;16;2021-04-09;2021-04-19
CRM development;2;16;2021-05-07;2021-05-17
Staff training;2;16;2021-06-10;2021-06-22
Website design;2;16;2021-07-07;2021-07-20
Website development;2;16;2021-08-01;2021-08-09
Mobile app development;2;16;2021-09-05;2021-09-18
Rebranding;2;16;2021-10-07;2021-10-15
Rebranding;2;16;2021-11-01;2021-11-13
Booklet design;2;16;2021-12-07;2021-12-15
Researching;2;17;2021-01-03;2021-01-09
Information security audit;2;17;2021-02-09;2021-02-28
Information security audit;2;17;2021-03-01;2021-03-13
Staff training;2;17;2021-04-06;2021-04-18
Website design;2;17;2021-05-04;2021-05-09
1С maintenance;2;17;2021-06-09;2021-06-23
Information security audit;2;17;2021-07-02;2021-07-08
Rebranding;2;17;2021-08-02;2021-08-19
Mobile app development;2;17;2021-09-10;2021-09-22
Booklet design;2;17;2021-10-06;2021-10-15
Website design;2;17;2021-11-09;2021-11-19
CRM development;2;17;2021-12-08;2021-12-14
Website development;2;18;2021-01-07;2021-01-19
Customer survey;2;18;2021-02-05;2021-02-12
Customer survey;2;18;2021-03-06;2021-03-23
CRM development;2;18;2021-04-07;2021-04-25
Booklet design;2;18;2021-05-01;2021-05-07
Booklet design;2;18;2021-06-09;2021-06-25
Researching;2;18;2021-07-09;2021-07-24
1С maintenance;2;18;2021-08-05;2021-08-15
Mobile app development;2;18;2021-09-02;2021-09-21
Rebranding;2;18;2021-10-03;2021-10-08
Rebranding;2;18;2021-11-10;2021-11-15
Wifi network modernization;2;18;2021-12-03;2021-12-16
Researching;2;19;2021-01-04;2021-01-19
Booklet design;2;19;2021-02-05;2021-02-19
Wifi network modernization;2;19;2021-03-06;2021-03-13
Mobile app development;2;19;2021-04-05;2021-04-22
Information security audit;2;19;2021-05-01;2021-05-14
Mobile app development;2;19;2021-06-07;2021-06-17
Staff training;2;19;2021-07-04;2021-07-16
Researching;2;19;2021-08-06;2021-08-22
Researching;2;19;2021-09-07;2021-09-16
Rebranding;2;19;2021-10-03;2021-10-13
Mobile app development;2;19;2021-11-09;2021-11-23
Call center launching;2;19;2021-12-06;2021-12-23
1С maintenance;2;20;2021-01-05;2021-01-21
Information security audit;2;20;2021-02-09;2021-02-25
Information security audit;2;20;2021-03-09;2021-03-26
1С maintenance;2;20;2021-04-01;2021-04-18
Website design;2;20;2021-05-05;2021-05-21
Wifi network modernization;2;20;2021-06-06;2021-06-21
CRM development;2;20;2021-07-08;2021-07-28
Staff training;2;20;2021-08-04;2021-08-11
Wifi network modernization;2;20;2021-09-07;2021-09-24
Mobile app development;2;20;2021-10-08;2021-10-23
Information security audit;2;20;2021-11-10;2021-11-23
1С maintenance;2;20;2021-12-06;2021-12-22
Wifi network modernization;3;21;2021-01-10;2021-01-18
Researching;3;21;2021-02-06;2021-02-11
1С maintenance;3;21;2021-03-07;2021-03-17
Booklet design;3;21;2021-04-02;2021-04-18
Website design;3;21;2021-05-02;2021-05-19
Researching;3;21;2021-06-09;2021-06-29
1С maintenance;3;21;2021-07-05;2021-07-20
Website development;3;21;2021-08-04;2021-08-09
Staff training;3;21;2021-09-02;2021-09-09
Booklet design;3;21;2021-10-09;2021-10-29
Call center launching;3;21;2021-11-02;2021-11-21
Website development;3;21;2021-12-05;2021-12-21
Call center launching;3;22;2021-01-08;2021-01-23
Researching;3;22;2021-02-01;2021-02-19
Call center launching;3;22;2021-03-04;2021-03-19
Mobile app development;3;22;2021-04-02;2021-04-15
Researching;3;22;2021-05-03;2021-05-18
Website design;3;22;2021-06-04;2021-06-19
Website design;3;22;2021-07-10;2021-07-21
Staff training;3;22;2021-08-03;2021-08-16
Mobile app development;3;22;2021-09-01;2021-09-12
Wifi network modernization;3;22;2021-10-02;2021-10-18
Information security audit;3;22;2021-11-10;2021-11-29
Information security audit;3;22;2021-12-10;2021-12-28
Information security audit;3;23;2021-01-02;2021-01-10
Call center launching;3;23;2021-02-10;2021-02-28
Website development;3;23;2021-03-04;2021-03-15
1С maintenance;3;23;2021-04-01;2021-04-10
Call center launching;3;23;2021-05-08;2021-05-14
Mobile app development;3;23;2021-06-07;2021-06-12
Rebranding;3;23;2021-07-05;2021-07-24
Call center launching;3;23;2021-08-04;2021-08-09
Staff training;3;23;2021-09-10;2021-09-25
Researching;3;23;2021-10-06;2021-10-13
Customer survey;3;23;2021-11-04;2021-11-13
Booklet design;3;23;2021-12-10;2021-12-20
Booklet design;3;24;2021-01-09;2021-01-25
1С maintenance;3;24;2021-02-09;2021-02-18
Wifi network modernization;3;24;2021-03-10;2021-03-27
Mobile app development;3;24;2021-04-08;2021-04-24
CRM development;3;24;2021-05-05;2021-05-15
Wifi network modernization;3;24;2021-06-03;2021-06-11
Information security audit;3;24;2021-07-08;2021-07-21
Customer survey;3;24;2021-08-05;2021-08-10
1С maintenance;3;24;2021-09-08;2021-09-21
1С maintenance;3;24;2021-10-05;2021-10-17
Rebranding;3;24;2021-11-05;2021-11-25
1С maintenance;3;24;2021-12-09;2021-12-22
Website development;3;25;2021-01-06;2021-01-19
CRM development;3;25;2021-02-02;2021-02-14
Booklet design;3;25;2021-03-05;2021-03-15
CRM development;3;25;2021-04-07;2021-04-14
Information security audit;3;25;2021-05-02;2021-05-14
Wifi network modernization;3;25;2021-06-10;2021-06-28
Wifi network modernization;3;25;2021-07-02;2021-07-13
CRM development;3;25;2021-08-10;2021-08-24
Rebranding;3;25;2021-09-03;2021-09-18
1С maintenance;3;25;2021-10-05;2021-10-12
Wifi network modernization;3;25;2021-11-02;2021-11-21
Staff training;3;25;2021-12-07;2021-12-19
1С maintenance;3;26;2021-01-04;2021-01-23
Mobile app development;3;26;2021-02-08;2021-02-14
Call center launching;3;26;2021-03-03;2021-03-18
Mobile app development;3;26;2021-04-05;2021-04-22
Website development;3;26;2021-05-05;2021-05-21
Rebranding;3;26;2021-06-01;2021-06-12
Researching;3;26;2021-07-05;2021-07-11
Staff training;3;26;2021-08-01;2021-08-10
Booklet design;3;26;2021-09-04;2021-09-23
Website development;3;26;2021-10-02;2021-10-22
1С maintenance;3;26;2021-11-07;2021-11-23
Researching;3;26;2021-12-08;2021-12-14
Call center launching;3;27;2021-01-02;2021-01-21
Website development;3;27;2021-02-05;2021-02-18
Researching;3;27;2021-03-07;2021-03-16
Rebranding;3;27;2021-04-07;2021-04-23
Staff training;3;27;2021-05-09;2021-05-16
Website development;3;27;2021-06-03;2021-06-11
Mobile app development;3;27;2021-07-10;2021-07-17
Information security audit;3;27;2021-08-09;2021-08-27
Website design;3;27;2021-09-07;2021-09-12
Information security audit;3;27;2021-10-08;2021-10-14
Website development;3;27;2021-11-07;2021-11-18
Information security audit;3;27;2021-12-03;2021-12-14
Booklet design;3;28;2021-01-02;2021-01-20
Website development;3;28;2021-02-09;2021-02-17
Staff training;3;28;2021-03-10;2021-03-29
Call center launching;3;28;2021-04-08;2021-04-14
Call center launching;3;28;2021-05-03;2021-05-08
Staff training;3;28;2021-06-01;2021-06-08
1С maintenance;3;28;2021-07-07;2021-07-27
Wifi network modernization;3;28;2021-08-01;2021-08-08
Website development;3;28;2021-09-09;2021-09-16
Information security audit;3;28;2021-10-07;2021-10-15
Call center launching;3;28;2021-11-03;2021-11-21
Mobile app development;3;28;2021-12-10;2021-12-30
Wifi network modernization;3;29;2021-01-09;2021-01-20
Researching;3;29;2021-02-09;2021-02-17
CRM development;3;29;2021-03-09;2021-03-19
Booklet design;3;29;2021-04-01;2021-04-17
Wifi network modernization;3;29;2021-05-10;2021-05-30
Information security audit;3;29;2021-06-09;2021-06-21
Mobile app development;3;29;2021-07-04;2021-07-20
Website design;3;29;2021-08-05;2021-08-20
Website development;3;29;2021-09-03;2021-09-15
Researching;3;29;2021-10-02;2021-10-13
Staff training;3;29;2021-11-08;2021-11-28
Website design;3;29;2021-12-09;2021-12-14
Researching;3;30;2021-01-10;2021-01-29
CRM development;3;30;2021-02-03;2021-02-20
Wifi network modernization;3;30;2021-03-08;2021-03-16
Rebranding;3;30;2021-04-04;2021-04-22
Information security audit;3;30;2021-05-07;2021-05-13
Staff training;3;30;2021-06-01;2021-06-21
Website development;3;30;2021-07-09;2021-07-19
Mobile app development;3;30;2021-08-03;2021-08-13
CRM development;3;30;2021-09-04;2021-09-20
Booklet design;3;30;2021-10-09;2021-10-27
Researching;3;30;2021-11-01;2021-11-14
Wifi network modernization;3;30;2021-12-05;2021-12-23
Website design;4;31;2021-01-08;2021-01-20
Booklet design;4;31;2021-02-10;2021-02-23
1С maintenance;4;31;2021-03-03;2021-03-14
Website development;4;31;2021-04-06;2021-04-18
CRM development;4;31;2021-05-04;2021-05-09
Staff training;4;31;2021-06-01;2021-06-12
Call center launching;4;31;2021-07-08;2021-07-15
Wifi network modernization;4;31;2021-08-03;2021-08-21
Wifi network modernization;4;31;2021-09-02;2021-09-17
Call center launching;4;31;2021-10-01;2021-10-21
Call center launching;4;31;2021-11-03;2021-11-18
Website design;4;31;2021-12-04;2021-12-19
Call center launching;4;32;2021-01-05;2021-01-13
Researching;4;32;2021-02-02;2021-02-11
Call center launching;4;32;2021-03-07;2021-03-17
Staff training;4;32;2021-04-06;2021-04-20
Researching;4;32;2021-05-04;2021-05-14
Wifi network modernization;4;32;2021-06-05;2021-06-13
Call center launching;4;32;2021-07-07;2021-07-24
Call center launching;4;32;2021-08-01;2021-08-20
Rebranding;4;32;2021-09-07;2021-09-27
Information security audit;4;32;2021-10-10;2021-10-19
Researching;4;32;2021-11-06;2021-11-23
CRM development;4;32;2021-12-02;2021-12-15
Website design;4;33;2021-01-09;2021-01-22
1С maintenance;4;33;2021-02-02;2021-02-17
Wifi network modernization;4;33;2021-03-09;2021-03-14
Staff training;4;33;2021-04-09;2021-04-18
Rebranding;4;33;2021-05-06;2021-05-19
Booklet design;4;33;2021-06-04;2021-06-14
Booklet design;4;33;2021-07-01;2021-07-16
Information security audit;4;33;2021-08-04;2021-08-11
Staff training;4;33;2021-09-07;2021-09-20
CRM development;4;33;2021-10-07;2021-10-19
Wifi network modernization;4;33;2021-11-08;2021-11-25
Researching;4;33;2021-12-02;2021-12-14
Website design;4;34;2021-01-10;2021-01-25
Call center launching;4;34;2021-02-04;2021-02-13
CRM development;4;34;2021-03-06;2021-03-18
Wifi network modernization;4;34;2021-04-06;2021-04-17
Call center launching;4;34;2021-05-09;2021-05-27
Information security audit;4;34;2021-06-03;2021-06-15
CRM development;4;34;2021-07-10;2021-07-15
Wifi network modernization;4;34;2021-08-09;2021-08-21
1С maintenance;4;34;2021-09-06;2021-09-15
Researching;4;34;2021-10-03;2021-10-22
Researching;4;34;2021-11-08;2021-11-24
Staff training;4;34;2021-12-07;2021-12-14
Mobile app development;4;35;2021-01-10;2021-01-22
Website development;4;35;2021-02-08;2021-02-14
Wifi network modernization;4;35;2021-03-10;2021-03-30
Wifi network modernization;4;35;2021-04-06;2021-04-25
Researching;4;35;2021-05-03;2021-05-21
Information security audit;4;35;2021-06-06;2021-06-16
Staff training;4;35;2021-07-01;2021-07-07
Call center launching;4;35;2021-08-04;2021-08-20
Mobile app development;4;35;2021-09-10;2021-09-18
Researching;4;35;2021-10-04;2021-10-20
Wifi network modernization;4;35;2021-11-04;2021-11-12
Mobile app development;4;35;2021-12-05;2021-12-14
1С maintenance;4;36;2021-01-01;2021-01-09
1С maintenance;4;36;2021-02-10;2021-03-02
Staff training;4;36;2021-03-10;2021-03-17
Information security audit;4;36;2021-04-03;2021-04-14
Staff training;4;36;2021-05-02;2021-05-11
Information security audit;4;36;2021-06-09;2021-06-21
Mobile app development;4;36;2021-07-04;2021-07-24
Website design;4;36;2021-08-07;2021-08-21
Researching;4;36;2021-09-08;2021-09-21
Information security audit;4;36;2021-10-09;2021-10-29
Rebranding;4;36;2021-11-02;2021-11-10
Staff training;4;36;2021-12-09;2021-12-18
CRM development;4;37;2021-01-10;2021-01-20
Wifi network modernization;4;37;2021-02-01;2021-02-18
Customer survey;4;37;2021-03-08;2021-03-22
1С maintenance;4;37;2021-04-06;2021-04-12
1С maintenance;4;37;2021-05-01;2021-05-08
CRM development;4;37;2021-06-08;2021-06-25
Staff training;4;37;2021-07-02;2021-07-07
CRM development;4;37;2021-08-03;2021-08-21
Staff training;4;37;2021-09-05;2021-09-12
CRM development;4;37;2021-10-05;2021-10-10
Mobile app development;4;37;2021-11-06;2021-11-25
Mobile app development;4;37;2021-12-09;2021-12-29
Mobile app development;4;38;2021-01-01;2021-01-06
Staff training;4;38;2021-02-07;2021-02-22
Mobile app development;4;38;2021-03-06;2021-03-14
Mobile app development;4;38;2021-04-04;2021-04-10
Website development;4;38;2021-05-08;2021-05-17
CRM development;4;38;2021-06-07;2021-06-12
Mobile app development;4;38;2021-07-08;2021-07-22
Staff training;4;38;2021-08-09;2021-08-25
Information security audit;4;38;2021-09-06;2021-09-20
Customer survey;4;38;2021-10-02;2021-10-18
Information security audit;4;38;2021-11-04;2021-11-19
Information security audit;4;38;2021-12-07;2021-12-14
Wifi network modernization;4;39;2021-01-03;2021-01-14
CRM development;4;39;2021-02-09;2021-02-15
1С maintenance;4;39;2021-03-09;2021-03-25
Call center launching;4;39;2021-04-08;2021-04-17
Rebranding;4;39;2021-05-01;2021-05-09
Website development;4;39;2021-06-08;2021-06-28
Mobile app development;4;39;2021-07-04;2021-07-16
Information security audit;4;39;2021-08-03;2021-08-21
Website design;4;39;2021-09-02;2021-09-21
CRM development;4;39;2021-10-05;2021-10-24
Website design;4;39;2021-11-10;2021-11-19
Rebranding;4;39;2021-12-01;2021-12-06
Website design;4;40;2021-01-05;2021-01-11
Website development;4;40;2021-02-03;2021-02-16
Website design;4;40;2021-03-06;2021-03-17
Information security audit;4;40;2021-04-07;2021-04-14
Booklet design;4;40;2021-05-03;2021-05-20
Information security audit;4;40;2021-06-09;2021-06-15
Staff training;4;40;2021-07-08;2021-07-15
Rebranding;4;40;2021-08-05;2021-08-18
Customer survey;4;40;2021-09-10;2021-09-28
1С maintenance;4;40;2021-10-04;2021-10-14
1С maintenance;4;40;2021-11-09;2021-11-25
Mobile app development;4;40;2021-12-09;2021-12-25
Information security audit;5;41;2021-01-09;2021-01-26
Customer survey;5;41;2021-02-10;2021-02-24
1С maintenance;5;41;2021-03-01;2021-03-21
Wifi network modernization;5;41;2021-04-10;2021-04-15
Wifi network modernization;5;41;2021-05-01;2021-05-19
Mobile app development;5;41;2021-06-01;2021-06-15
CRM development;5;41;2021-07-10;2021-07-15
Staff training;5;41;2021-08-08;2021-08-20
Customer survey;5;41;2021-09-08;2021-09-23
Website development;5;41;2021-10-03;2021-10-13
1С maintenance;5;41;2021-11-06;2021-11-13
Staff training;5;41;2021-12-09;2021-12-17
Website design;5;42;2021-01-06;2021-01-26
Wifi network modernization;5;42;2021-02-08;2021-02-25
Website design;5;42;2021-03-03;2021-03-19
Researching;5;42;2021-04-08;2021-04-14
Call center launching;5;42;2021-05-02;2021-05-14
Information security audit;5;42;2021-06-09;2021-06-17
1С maintenance;5;42;2021-07-02;2021-07-21
Call center launching;5;42;2021-08-09;2021-08-20
Website design;5;42;2021-09-03;2021-09-16
Information security audit;5;42;2021-10-07;2021-10-21
Website development;5;42;2021-11-01;2021-11-12
Researching;5;42;2021-12-05;2021-12-17
Customer survey;5;43;2021-01-02;2021-01-08
1С maintenance;5;43;2021-02-10;2021-02-19
1С maintenance;5;43;2021-03-07;2021-03-20
Rebranding;5;43;2021-04-10;2021-04-19
Customer survey;5;43;2021-05-09;2021-05-27
Wifi network modernization;5;43;2021-06-02;2021-06-08
Call center launching;5;43;2021-07-08;2021-07-23
Mobile app development;5;43;2021-08-09;2021-08-28
Mobile app development;5;43;2021-09-03;2021-09-11
CRM development;5;43;2021-10-05;2021-10-20
Information security audit;5;43;2021-11-07;2021-11-17
Rebranding;5;43;2021-12-07;2021-12-14
Call center launching;5;44;2021-01-09;2021-01-17
CRM development;5;44;2021-02-03;2021-02-16
Researching;5;44;2021-03-09;2021-03-20
Website development;5;44;2021-04-01;2021-04-18
Rebranding;5;44;2021-05-06;2021-05-20
Customer survey;5;44;2021-06-06;2021-06-14
Information security audit;5;44;2021-07-08;2021-07-23
Customer survey;5;44;2021-08-01;2021-08-11
1С maintenance;5;44;2021-09-02;2021-09-17
Call center launching;5;44;2021-10-06;2021-10-12
Customer survey;5;44;2021-11-06;2021-11-20
Customer survey;5;44;2021-12-09;2021-12-24
Website design;5;45;2021-01-03;2021-01-22
Mobile app development;5;45;2021-02-10;2021-02-26
Mobile app development;5;45;2021-03-01;2021-03-07
Information security audit;5;45;2021-04-02;2021-04-15
Customer survey;5;45;2021-05-02;2021-05-11
1С maintenance;5;45;2021-06-07;2021-06-22
Wifi network modernization;5;45;2021-07-09;2021-07-17
1С maintenance;5;45;2021-08-09;2021-08-16
Website development;5;45;2021-09-03;2021-09-22
Call center launching;5;45;2021-10-04;2021-10-13
Booklet design;5;45;2021-11-04;2021-11-18
1С maintenance;5;45;2021-12-03;2021-12-18
Information security audit;5;46;2021-01-03;2021-01-16
Mobile app development;5;46;2021-02-03;2021-02-17
Mobile app development;5;46;2021-03-10;2021-03-24
Researching;5;46;2021-04-10;2021-04-22
Researching;5;46;2021-05-10;2021-05-30
Information security audit;5;46;2021-06-05;2021-06-14
Rebranding;5;46;2021-07-04;2021-07-18
Mobile app development;5;46;2021-08-03;2021-08-19
Information security audit;5;46;2021-09-05;2021-09-11
Website design;5;46;2021-10-09;2021-10-24
Call center launching;5;46;2021-11-01;2021-11-07
Staff training;5;46;2021-12-02;2021-12-15
Researching;5;47;2021-01-09;2021-01-19
Booklet design;5;47;2021-02-08;2021-02-14
Call center launching;5;47;2021-03-08;2021-03-16
Researching;5;47;2021-04-08;2021-04-13
Website development;5;47;2021-05-04;2021-05-17
Website design;5;47;2021-06-09;2021-06-26
Customer survey;5;47;2021-07-05;2021-07-23
Customer survey;5;47;2021-08-03;2021-08-16
Information security audit;5;47;2021-09-10;2021-09-16
Information security audit;5;47;2021-10-05;2021-10-10
Call center launching;5;47;2021-11-03;2021-11-12
CRM development;5;47;2021-12-02;2021-12-18
Website design;5;48;2021-01-04;2021-01-20
Rebranding;5;48;2021-02-08;2021-02-19
Staff training;5;48;2021-03-01;2021-03-06
Website development;5;48;2021-04-08;2021-04-28
1С maintenance;5;48;2021-05-02;2021-05-19
Website design;5;48;2021-06-06;2021-06-25
Booklet design;5;48;2021-07-09;2021-07-17
Call center launching;5;48;2021-08-07;2021-08-22
Researching;5;48;2021-09-03;2021-09-18
1С maintenance;5;48;2021-10-09;2021-10-29
Customer survey;5;48;2021-11-05;2021-11-11
Rebranding;5;48;2021-12-06;2021-12-22
Mobile app development;5;49;2021-01-05;2021-01-11
Staff training;5;49;2021-02-05;2021-02-15
CRM development;5;49;2021-03-06;2021-03-14
Website development;5;49;2021-04-10;2021-04-17
Website design;5;49;2021-05-07;2021-05-27
Researching;5;49;2021-06-10;2021-06-19
Mobile app development;5;49;2021-07-09;2021-07-27
Booklet design;5;49;2021-08-10;2021-08-30
Customer survey;5;49;2021-09-05;2021-09-24
Information security audit;5;49;2021-10-10;2021-10-24
Rebranding;5;49;2021-11-04;2021-11-11
Rebranding;5;49;2021-12-04;2021-12-09
Website design;5;50;2021-01-10;2021-01-23
Information security audit;5;50;2021-02-04;2021-02-24
Call center launching;5;50;2021-03-07;2021-03-15
CRM development;5;50;2021-04-01;2021-04-21
Information security audit;5;50;2021-05-01;2021-05-18
Staff training;5;50;2021-06-08;2021-06-14
Wifi network modernization;5;50;2021-07-04;2021-07-18
Staff training;5;50;2021-08-01;2021-08-09
Call center launching;5;50;2021-09-08;2021-09-13
Call center launching;5;50;2021-10-10;2021-10-22
Customer survey;5;50;2021-11-07;2021-11-14
Staff training;5;50;2021-12-07;2021-12-23
Booklet design;6;51;2021-01-02;2021-01-15
Customer survey;6;51;2021-02-09;2021-02-24
Researching;6;51;2021-03-02;2021-03-15
Staff training;6;51;2021-04-02;2021-04-16
1С maintenance;6;51;2021-05-03;2021-05-14
Wifi network modernization;6;51;2021-06-02;2021-06-11
Mobile app development;6;51;2021-07-04;2021-07-17
Customer survey;6;51;2021-08-01;2021-08-12
1С maintenance;6;51;2021-09-03;2021-09-14
Call center launching;6;51;2021-10-02;2021-10-08
Researching;6;51;2021-11-02;2021-11-16
Information security audit;6;51;2021-12-04;2021-12-23
Researching;6;52;2021-01-05;2021-01-25
Mobile app development;6;52;2021-02-05;2021-02-24
Booklet design;6;52;2021-03-01;2021-03-16
CRM development;6;52;2021-04-09;2021-04-25
Website design;6;52;2021-05-07;2021-05-25
Rebranding;6;52;2021-06-02;2021-06-13
Call center launching;6;52;2021-07-08;2021-07-24
Customer survey;6;52;2021-08-03;2021-08-19
Call center launching;6;52;2021-09-02;2021-09-16
CRM development;6;52;2021-10-04;2021-10-18
Wifi network modernization;6;52;2021-11-01;2021-11-15
Booklet design;6;52;2021-12-02;2021-12-20
Wifi network modernization;6;53;2021-01-07;2021-01-16
Mobile app development;6;53;2021-02-01;2021-02-08
Researching;6;53;2021-03-02;2021-03-21
Booklet design;6;53;2021-04-07;2021-04-19
Call center launching;6;53;2021-05-10;2021-05-24
Rebranding;6;53;2021-06-01;2021-06-08
Call center launching;6;53;2021-07-05;2021-07-21
Researching;6;53;2021-08-06;2021-08-21
Booklet design;6;53;2021-09-02;2021-09-17
Wifi network modernization;6;53;2021-10-04;2021-10-21
Customer survey;6;53;2021-11-07;2021-11-25
Website development;6;53;2021-12-03;2021-12-11
CRM development;6;54;2021-01-09;2021-01-24
Call center launching;6;54;2021-02-01;2021-02-21
Website design;6;54;2021-03-05;2021-03-13
Booklet design;6;54;2021-04-08;2021-04-25
Wifi network modernization;6;54;2021-05-03;2021-05-10
1С maintenance;6;54;2021-06-05;2021-06-14
Website design;6;54;2021-07-06;2021-07-18
Mobile app development;6;54;2021-08-02;2021-08-17
Website design;6;54;2021-09-07;2021-09-12
Information security audit;6;54;2021-10-04;2021-10-22
Website design;6;54;2021-11-08;2021-11-24
1С maintenance;6;54;2021-12-05;2021-12-19
Researching;6;55;2021-01-04;2021-01-09
Rebranding;6;55;2021-02-07;2021-02-17
CRM development;6;55;2021-03-09;2021-03-26
Mobile app development;6;55;2021-04-09;2021-04-26
Researching;6;55;2021-05-01;2021-05-21
Website design;6;55;2021-06-01;2021-06-09
Mobile app development;6;55;2021-07-10;2021-07-21
Booklet design;6;55;2021-08-05;2021-08-19
Staff training;6;55;2021-09-01;2021-09-09
Rebranding;6;55;2021-10-09;2021-10-25
Booklet design;6;55;2021-11-07;2021-11-27
Mobile app development;6;55;2021-12-05;2021-12-24
Website development;6;56;2021-01-02;2021-01-11
Customer survey;6;56;2021-02-03;2021-02-16
Mobile app development;6;56;2021-03-02;2021-03-13
Call center launching;6;56;2021-04-10;2021-04-29
Mobile app development;6;56;2021-05-02;2021-05-18
1С maintenance;6;56;2021-06-03;2021-06-23
Wifi network modernization;6;56;2021-07-04;2021-07-17
Website design;6;56;2021-08-09;2021-08-28
Website design;6;56;2021-09-07;2021-09-25
Staff training;6;56;2021-10-09;2021-10-18
CRM development;6;56;2021-11-06;2021-11-20
Mobile app development;6;56;2021-12-05;2021-12-14
Rebranding;6;57;2021-01-07;2021-01-26
Wifi network modernization;6;57;2021-02-09;2021-02-20
1С maintenance;6;57;2021-03-06;2021-03-23
Customer survey;6;57;2021-04-03;2021-04-22
1С maintenance;6;57;2021-05-04;2021-05-13
Mobile app development;6;57;2021-06-01;2021-06-10
Information security audit;6;57;2021-07-02;2021-07-18
Rebranding;6;57;2021-08-09;2021-08-24
Staff training;6;57;2021-09-03;2021-09-18
Rebranding;6;57;2021-10-04;2021-10-21
1С maintenance;6;57;2021-11-02;2021-11-16
Rebranding;6;57;2021-12-05;2021-12-12
Customer survey;6;58;2021-01-04;2021-01-24
Information security audit;6;58;2021-02-04;2021-02-09
Staff training;6;58;2021-03-09;2021-03-29
Rebranding;6;58;2021-04-10;2021-04-21
Booklet design;6;58;2021-05-10;2021-05-22
Information security audit;6;58;2021-06-08;2021-06-26
Mobile app development;6;58;2021-07-08;2021-07-22
1С maintenance;6;58;2021-08-01;2021-08-06
Customer survey;6;58;2021-09-04;2021-09-21
Researching;6;58;2021-10-04;2021-10-24
Rebranding;6;58;2021-11-10;2021-11-28
Website design;6;58;2021-12-04;2021-12-16
Customer survey;6;59;2021-01-01;2021-01-11
Customer survey;6;59;2021-02-07;2021-02-20
Call center launching;6;59;2021-03-05;2021-03-22
Staff training;6;59;2021-04-09;2021-04-16
Researching;6;59;2021-05-02;2021-05-12
Information security audit;6;59;2021-06-08;2021-06-17
Staff training;6;59;2021-07-09;2021-07-26
1С maintenance;6;59;2021-08-03;2021-08-10
Website development;6;59;2021-09-10;2021-09-20
1С maintenance;6;59;2021-10-09;2021-10-19
Researching;6;59;2021-11-07;2021-11-15
Wifi network modernization;6;59;2021-12-07;2021-12-21
CRM development;6;60;2021-01-06;2021-01-14
CRM development;6;60;2021-02-03;2021-02-22
Rebranding;6;60;2021-03-10;2021-03-18
Rebranding;6;60;2021-04-05;2021-04-23
Wifi network modernization;6;60;2021-05-05;2021-05-19
Call center launching;6;60;2021-06-07;2021-06-27
Website design;6;60;2021-07-07;2021-07-15
Researching;6;60;2021-08-10;2021-08-17
Website design;6;60;2021-09-03;2021-09-12
Call center launching;6;60;2021-10-09;2021-10-18
Website development;6;60;2021-11-10;2021-11-22
Call center launching;6;60;2021-12-04;2021-12-19
Wifi network modernization;7;61;2021-01-01;2021-01-21
Website design;7;61;2021-02-02;2021-02-16
Researching;7;61;2021-03-08;2021-03-16
Website design;7;61;2021-04-08;2021-04-20
Wifi network modernization;7;61;2021-05-03;2021-05-14
Information security audit;7;61;2021-06-04;2021-06-09
CRM development;7;61;2021-07-06;2021-07-19
1С maintenance;7;61;2021-08-10;2021-08-19
Rebranding;7;61;2021-09-10;2021-09-18
Staff training;7;61;2021-10-02;2021-10-16
Staff training;7;61;2021-11-02;2021-11-12
Customer survey;7;61;2021-12-04;2021-12-24
Rebranding;7;62;2021-01-01;2021-01-10
Researching;7;62;2021-02-06;2021-02-15
Rebranding;7;62;2021-03-10;2021-03-28
Booklet design;7;62;2021-04-02;2021-04-17
Information security audit;7;62;2021-05-02;2021-05-13
Call center launching;7;62;2021-06-04;2021-06-14
1С maintenance;7;62;2021-07-10;2021-07-26
Customer survey;7;62;2021-08-10;2021-08-29
Call center launching;7;62;2021-09-09;2021-09-27
Website development;7;62;2021-10-09;2021-10-28
Customer survey;7;62;2021-11-01;2021-11-08
Website design;7;62;2021-12-10;2021-12-26
Mobile app development;7;63;2021-01-04;2021-01-22
CRM development;7;63;2021-02-05;2021-02-22
CRM development;7;63;2021-03-10;2021-03-21
Rebranding;7;63;2021-04-04;2021-04-24
Information security audit;7;63;2021-05-05;2021-05-14
Information security audit;7;63;2021-06-08;2021-06-21
Booklet design;7;63;2021-07-02;2021-07-09
Booklet design;7;63;2021-08-03;2021-08-08
Website design;7;63;2021-09-08;2021-09-16
CRM development;7;63;2021-10-07;2021-10-17
Researching;7;63;2021-11-01;2021-11-19
Website development;7;63;2021-12-03;2021-12-08
Customer survey;7;64;2021-01-02;2021-01-16
Website design;7;64;2021-02-07;2021-02-24
Mobile app development;7;64;2021-03-02;2021-03-11
CRM development;7;64;2021-04-06;2021-04-19
Rebranding;7;64;2021-05-04;2021-05-24
Information security audit;7;64;2021-06-01;2021-06-12
1С maintenance;7;64;2021-07-10;2021-07-27
Website design;7;64;2021-08-09;2021-08-24
Website design;7;64;2021-09-07;2021-09-27
Mobile app development;7;64;2021-10-02;2021-10-14
Booklet design;7;64;2021-11-08;2021-11-21
Booklet design;7;64;2021-12-05;2021-12-20
Wifi network modernization;7;65;2021-01-09;2021-01-16
Website design;7;65;2021-02-07;2021-02-25
Website development;7;65;2021-03-10;2021-03-26
Researching;7;65;2021-04-04;2021-04-11
Information security audit;7;65;2021-05-03;2021-05-18
Researching;7;65;2021-06-01;2021-06-11
CRM development;7;65;2021-07-07;2021-07-24
Website design;7;65;2021-08-09;2021-08-20
Website development;7;65;2021-09-10;2021-09-19
Mobile app development;7;65;2021-10-07;2021-10-18
Booklet design;7;65;2021-11-03;2021-11-14
Website development;7;65;2021-12-03;2021-12-23
Information security audit;7;66;2021-01-08;2021-01-18
Call center launching;7;66;2021-02-08;2021-02-28
Researching;7;66;2021-03-05;2021-03-22
Call center launching;7;66;2021-04-03;2021-04-23
Information security audit;7;66;2021-05-08;2021-05-25
Customer survey;7;66;2021-06-03;2021-06-19
Researching;7;66;2021-07-02;2021-07-10
Wifi network modernization;7;66;2021-08-10;2021-08-24
Wifi network modernization;7;66;2021-09-02;2021-09-21
1С maintenance;7;66;2021-10-05;2021-10-24
Staff training;7;66;2021-11-06;2021-11-13
CRM development;7;66;2021-12-05;2021-12-19
Wifi network modernization;7;67;2021-01-10;2021-01-28
Call center launching;7;67;2021-02-02;2021-02-13
Rebranding;7;67;2021-03-02;2021-03-07
Wifi network modernization;7;67;2021-04-01;2021-04-07
Customer survey;7;67;2021-05-02;2021-05-22
Information security audit;7;67;2021-06-01;2021-06-21
Call center launching;7;67;2021-07-05;2021-07-23
Information security audit;7;67;2021-08-02;2021-08-19
Staff training;7;67;2021-09-06;2021-09-11
Website design;7;67;2021-10-05;2021-10-21
Researching;7;67;2021-11-09;2021-11-28
Website development;7;67;2021-12-02;2021-12-14
Rebranding;7;68;2021-01-06;2021-01-18
Call center launching;7;68;2021-02-10;2021-02-22
Website development;7;68;2021-03-04;2021-03-15
Website design;7;68;2021-04-07;2021-04-14
Booklet design;7;68;2021-05-06;2021-05-26
Booklet design;7;68;2021-06-07;2021-06-16
Website design;7;68;2021-07-10;2021-07-28
Researching;7;68;2021-08-06;2021-08-25
Booklet design;7;68;2021-09-01;2021-09-06
Researching;7;68;2021-10-05;2021-10-18
Mobile app development;7;68;2021-11-09;2021-11-28
Customer survey;7;68;2021-12-05;2021-12-19
Information security audit;7;69;2021-01-06;2021-01-19
Rebranding;7;69;2021-02-02;2021-02-14
Website development;7;69;2021-03-03;2021-03-15
Wifi network modernization;7;69;2021-04-04;2021-04-16
Booklet design;7;69;2021-05-10;2021-05-24
CRM development;7;69;2021-06-06;2021-06-24
Information security audit;7;69;2021-07-01;2021-07-19
1С maintenance;7;69;2021-08-07;2021-08-20
Call center launching;7;69;2021-09-05;2021-09-11
Mobile app development;7;69;2021-10-06;2021-10-26
Website development;7;69;2021-11-05;2021-11-13
Website development;7;69;2021-12-10;2021-12-27
Information security audit;7;70;2021-01-06;2021-01-15
Customer survey;7;70;2021-02-05;2021-02-25
CRM development;7;70;2021-03-06;2021-03-18
Call center launching;7;70;2021-04-01;2021-04-18
Researching;7;70;2021-05-07;2021-05-16
Information security audit;7;70;2021-06-05;2021-06-22
Booklet design;7;70;2021-07-05;2021-07-16
1С maintenance;7;70;2021-08-05;2021-08-24
Staff training;7;70;2021-09-05;2021-09-10
Booklet design;7;70;2021-10-02;2021-10-13
Website development;7;70;2021-11-10;2021-11-17
Rebranding;7;70;2021-12-10;2021-12-24
Call center launching;8;71;2021-01-05;2021-01-19
1С maintenance;8;71;2021-02-02;2021-02-22
Booklet design;8;71;2021-03-01;2021-03-18
1С maintenance;8;71;2021-04-01;2021-04-12
Customer survey;8;71;2021-05-03;2021-05-17
1С maintenance;8;71;2021-06-03;2021-06-17
Call center launching;8;71;2021-07-07;2021-07-18
1С maintenance;8;71;2021-08-08;2021-08-23
Call center launching;8;71;2021-09-05;2021-09-22
Wifi network modernization;8;71;2021-10-10;2021-10-17
Information security audit;8;71;2021-11-07;2021-11-15
Call center launching;8;71;2021-12-09;2021-12-14
Researching;8;72;2021-01-09;2021-01-17
Website design;8;72;2021-02-02;2021-02-09
Information security audit;8;72;2021-03-06;2021-03-12
Website development;8;72;2021-04-03;2021-04-14
Mobile app development;8;72;2021-05-03;2021-05-08
Rebranding;8;72;2021-06-10;2021-06-26
Information security audit;8;72;2021-07-06;2021-07-12
Rebranding;8;72;2021-08-09;2021-08-16
Researching;8;72;2021-09-07;2021-09-16
CRM development;8;72;2021-10-01;2021-10-17
Researching;8;72;2021-11-05;2021-11-16
Website design;8;72;2021-12-10;2021-12-29
Website design;8;73;2021-01-06;2021-01-21
Website design;8;73;2021-02-09;2021-02-21
Information security audit;8;73;2021-03-07;2021-03-25
Mobile app development;8;73;2021-04-07;2021-04-20
Website development;8;73;2021-05-05;2021-05-14
Call center launching;8;73;2021-06-01;2021-06-06
1С maintenance;8;73;2021-07-06;2021-07-14
Staff training;8;73;2021-08-05;2021-08-13
Booklet design;8;73;2021-09-09;2021-09-26
Mobile app development;8;73;2021-10-08;2021-10-23
Website development;8;73;2021-11-02;2021-11-22
CRM development;8;73;2021-12-04;2021-12-09
Website design;8;74;2021-01-10;2021-01-27
Booklet design;8;74;2021-02-03;2021-02-18
Mobile app development;8;74;2021-03-03;2021-03-22
CRM development;8;74;2021-04-03;2021-04-13
Information security audit;8;74;2021-05-08;2021-05-22
Booklet design;8;74;2021-06-10;2021-06-24
Researching;8;74;2021-07-06;2021-07-23
Mobile app development;8;74;2021-08-07;2021-08-25
Staff training;8;74;2021-09-05;2021-09-11
Website development;8;74;2021-10-10;2021-10-24
Wifi network modernization;8;74;2021-11-02;2021-11-22
Rebranding;8;74;2021-12-02;2021-12-21
Customer survey;8;75;2021-01-02;2021-01-11
Website development;8;75;2021-02-05;2021-02-20
1С maintenance;8;75;2021-03-04;2021-03-09
Mobile app development;8;75;2021-04-02;2021-04-18
Booklet design;8;75;2021-05-05;2021-05-15
Booklet design;8;75;2021-06-10;2021-06-15
Booklet design;8;75;2021-07-01;2021-07-10
Wifi network modernization;8;75;2021-08-02;2021-08-16
Website design;8;75;2021-09-05;2021-09-19
1С maintenance;8;75;2021-10-04;2021-10-24
Staff training;8;75;2021-11-04;2021-11-20
Wifi network modernization;8;75;2021-12-01;2021-12-21
1С maintenance;8;76;2021-01-03;2021-01-17
CRM development;8;76;2021-02-05;2021-02-19
Rebranding;8;76;2021-03-06;2021-03-11
Wifi network modernization;8;76;2021-04-09;2021-04-16
CRM development;8;76;2021-05-08;2021-05-25
Mobile app development;8;76;2021-06-02;2021-06-17
Rebranding;8;76;2021-07-03;2021-07-18
Mobile app development;8;76;2021-08-05;2021-08-12
Information security audit;8;76;2021-09-08;2021-09-27
Booklet design;8;76;2021-10-07;2021-10-18
CRM development;8;76;2021-11-01;2021-11-06
Customer survey;8;76;2021-12-02;2021-12-21
Website design;8;77;2021-01-03;2021-01-22
CRM development;8;77;2021-02-02;2021-02-12
Booklet design;8;77;2021-03-05;2021-03-21
Booklet design;8;77;2021-04-07;2021-04-21
Call center launching;8;77;2021-05-05;2021-05-13
Wifi network modernization;8;77;2021-06-05;2021-06-17
Call center launching;8;77;2021-07-01;2021-07-09
1С maintenance;8;77;2021-08-02;2021-08-13
Researching;8;77;2021-09-06;2021-09-22
Information security audit;8;77;2021-10-07;2021-10-15
Staff training;8;77;2021-11-01;2021-11-21
Staff training;8;77;2021-12-04;2021-12-22
Website development;8;78;2021-01-10;2021-01-26
Customer survey;8;78;2021-02-03;2021-02-21
Website development;8;78;2021-03-05;2021-03-15
Website design;8;78;2021-04-08;2021-04-19
Rebranding;8;78;2021-05-04;2021-05-20
Wifi network modernization;8;78;2021-06-05;2021-06-16
Mobile app development;8;78;2021-07-10;2021-07-16
Booklet design;8;78;2021-08-07;2021-08-26
Call center launching;8;78;2021-09-04;2021-09-09
Rebranding;8;78;2021-10-07;2021-10-27
Staff training;8;78;2021-11-03;2021-11-23
CRM development;8;78;2021-12-01;2021-12-21
Call center launching;8;79;2021-01-02;2021-01-15
Rebranding;8;79;2021-02-08;2021-02-13
Wifi network modernization;8;79;2021-03-04;2021-03-14
Customer survey;8;79;2021-04-04;2021-04-11
Wifi network modernization;8;79;2021-05-07;2021-05-15
Wifi network modernization;8;79;2021-06-08;2021-06-17
Customer survey;8;79;2021-07-08;2021-07-22
Website design;8;79;2021-08-04;2021-08-24
1С maintenance;8;79;2021-09-01;2021-09-17
Mobile app development;8;79;2021-10-06;2021-10-12
Booklet design;8;79;2021-11-10;2021-11-30
CRM development;8;79;2021-12-07;2021-12-20
Mobile app development;8;80;2021-01-05;2021-01-20
Researching;8;80;2021-02-05;2021-02-16
Rebranding;8;80;2021-03-09;2021-03-14
Customer survey;8;80;2021-04-02;2021-04-07
Wifi network modernization;8;80;2021-05-09;2021-05-24
Rebranding;8;80;2021-06-08;2021-06-17
Information security audit;8;80;2021-07-06;2021-07-13
CRM development;8;80;2021-08-01;2021-08-07
Mobile app development;8;80;2021-09-06;2021-09-26
Rebranding;8;80;2021-10-05;2021-10-24
CRM development;8;80;2021-11-04;2021-11-16
Information security audit;8;80;2021-12-08;2021-12-20
Customer survey;9;81;2021-01-07;2021-01-20
Customer survey;9;81;2021-02-02;2021-02-08
Information security audit;9;81;2021-03-04;2021-03-19
Booklet design;9;81;2021-04-03;2021-04-12
Website design;9;81;2021-05-04;2021-05-15
1С maintenance;9;81;2021-06-10;2021-06-17
Call center launching;9;81;2021-07-02;2021-07-16
Website design;9;81;2021-08-08;2021-08-26
Mobile app development;9;81;2021-09-07;2021-09-14
Website design;9;81;2021-10-10;2021-10-27
Booklet design;9;81;2021-11-02;2021-11-14
Call center launching;9;81;2021-12-10;2021-12-22
Website development;9;82;2021-01-08;2021-01-25
Staff training;9;82;2021-02-06;2021-02-15
Wifi network modernization;9;82;2021-03-05;2021-03-15
CRM development;9;82;2021-04-06;2021-04-22
CRM development;9;82;2021-05-09;2021-05-29
Rebranding;9;82;2021-06-06;2021-06-13
1С maintenance;9;82;2021-07-05;2021-07-22
Researching;9;82;2021-08-09;2021-08-20
Call center launching;9;82;2021-09-02;2021-09-19
Staff training;9;82;2021-10-06;2021-10-22
Researching;9;82;2021-11-04;2021-11-15
Customer survey;9;82;2021-12-05;2021-12-21
Website development;9;83;2021-01-01;2021-01-11
Customer survey;9;83;2021-02-01;2021-02-08
CRM development;9;83;2021-03-02;2021-03-15
Wifi network modernization;9;83;2021-04-08;2021-04-19
Rebranding;9;83;2021-05-03;2021-05-22
Website design;9;83;2021-06-08;2021-06-16
1С maintenance;9;83;2021-07-02;2021-07-19
Booklet design;9;83;2021-08-07;2021-08-15
Mobile app development;9;83;2021-09-08;2021-09-18
1С maintenance;9;83;2021-10-04;2021-10-19
Wifi network modernization;9;83;2021-11-07;2021-11-25
Researching;9;83;2021-12-07;2021-12-25
Call center launching;9;84;2021-01-06;2021-01-24
Staff training;9;84;2021-02-10;2021-02-15
CRM development;9;84;2021-03-03;2021-03-11
Booklet design;9;84;2021-04-09;2021-04-26
CRM development;9;84;2021-05-07;2021-05-19
Website design;9;84;2021-06-06;2021-06-11
Call center launching;9;84;2021-07-01;2021-07-18
Rebranding;9;84;2021-08-01;2021-08-06
Wifi network modernization;9;84;2021-09-06;2021-09-26
Booklet design;9;84;2021-10-10;2021-10-24
Wifi network modernization;9;84;2021-11-08;2021-11-15
CRM development;9;84;2021-12-10;2021-12-30
Mobile app development;9;85;2021-01-02;2021-01-21
Website design;9;85;2021-02-08;2021-02-23
CRM development;9;85;2021-03-10;2021-03-23
Wifi network modernization;9;85;2021-04-03;2021-04-23
Call center launching;9;85;2021-05-04;2021-05-18
Wifi network modernization;9;85;2021-06-04;2021-06-18
Staff training;9;85;2021-07-07;2021-07-14
Staff training;9;85;2021-08-10;2021-08-24
Rebranding;9;85;2021-09-03;2021-09-10
Researching;9;85;2021-10-10;2021-10-15
Wifi network modernization;9;85;2021-11-07;2021-11-17
Rebranding;9;85;2021-12-10;2021-12-15
Website development;9;86;2021-01-03;2021-01-14
Booklet design;9;86;2021-02-10;2021-03-01
Researching;9;86;2021-03-08;2021-03-24
Call center launching;9;86;2021-04-09;2021-04-27
Rebranding;9;86;2021-05-08;2021-05-27
Website development;9;86;2021-06-06;2021-06-17
Customer survey;9;86;2021-07-09;2021-07-25
CRM development;9;86;2021-08-05;2021-08-10
Website development;9;86;2021-09-03;2021-09-13
Website development;9;86;2021-10-04;2021-10-11
Rebranding;9;86;2021-11-02;2021-11-22
Information security audit;9;86;2021-12-07;2021-12-27
Information security audit;9;87;2021-01-01;2021-01-06
Website development;9;87;2021-02-09;2021-02-21
Website development;9;87;2021-03-06;2021-03-20
Customer survey;9;87;2021-04-08;2021-04-13
Booklet design;9;87;2021-05-04;2021-05-14
Website development;9;87;2021-06-08;2021-06-22
Mobile app development;9;87;2021-07-03;2021-07-11
Website development;9;87;2021-08-07;2021-08-18
Rebranding;9;87;2021-09-09;2021-09-17
Wifi network modernization;9;87;2021-10-07;2021-10-24
Information security audit;9;87;2021-11-10;2021-11-15
Staff training;9;87;2021-12-02;2021-12-13
Call center launching;9;88;2021-01-04;2021-01-16
Website development;9;88;2021-02-04;2021-02-17
CRM development;9;88;2021-03-04;2021-03-14
Call center launching;9;88;2021-04-07;2021-04-13
Mobile app development;9;88;2021-05-03;2021-05-09
Customer survey;9;88;2021-06-07;2021-06-24
Information security audit;9;88;2021-07-07;2021-07-14
Website design;9;88;2021-08-09;2021-08-19
1С maintenance;9;88;2021-09-04;2021-09-22
Website development;9;88;2021-10-03;2021-10-12
Booklet design;9;88;2021-11-02;2021-11-22
Website development;9;88;2021-12-07;2021-12-26
Staff training;9;89;2021-01-02;2021-01-14
1С maintenance;9;89;2021-02-08;2021-02-23
Booklet design;9;89;2021-03-08;2021-03-28
Rebranding;9;89;2021-04-05;2021-04-10
Wifi network modernization;9;89;2021-05-03;2021-05-13
CRM development;9;89;2021-06-02;2021-06-12
Call center launching;9;89;2021-07-01;2021-07-12
Website development;9;89;2021-08-10;2021-08-15
Mobile app development;9;89;2021-09-06;2021-09-17
Customer survey;9;89;2021-10-01;2021-10-17
Customer survey;9;89;2021-11-05;2021-11-20
Website development;9;89;2021-12-05;2021-12-16
1С maintenance;9;90;2021-01-08;2021-01-20
Information security audit;9;90;2021-02-08;2021-02-20
Researching;9;90;2021-03-04;2021-03-23
Staff training;9;90;2021-04-06;2021-04-13
Booklet design;9;90;2021-05-05;2021-05-25
Information security audit;9;90;2021-06-01;2021-06-11
Website design;9;90;2021-07-05;2021-07-24
Website design;9;90;2021-08-10;2021-08-28
Wifi network modernization;9;90;2021-09-04;2021-09-22
Customer survey;9;90;2021-10-08;2021-10-16
Information security audit;9;90;2021-11-03;2021-11-12
1С maintenance;9;90;2021-12-10;2021-12-26
Website development;10;91;2021-01-04;2021-01-10
Rebranding;10;91;2021-02-03;2021-02-08
Website development;10;91;2021-03-08;2021-03-26
Website design;10;91;2021-04-04;2021-04-21
1С maintenance;10;91;2021-05-01;2021-05-12
1С maintenance;10;91;2021-06-01;2021-06-21
Rebranding;10;91;2021-07-03;2021-07-20
Call center launching;10;91;2021-08-02;2021-08-16
Mobile app development;10;91;2021-09-10;2021-09-20
1С maintenance;10;91;2021-10-03;2021-10-23
Information security audit;10;91;2021-11-03;2021-11-22
Information security audit;10;91;2021-12-03;2021-12-09
Website design;10;92;2021-01-07;2021-01-26
Mobile app development;10;92;2021-02-05;2021-02-12
Rebranding;10;92;2021-03-09;2021-03-27
CRM development;10;92;2021-04-10;2021-04-17
Researching;10;92;2021-05-10;2021-05-27
Staff training;10;92;2021-06-08;2021-06-24
Wifi network modernization;10;92;2021-07-02;2021-07-12
Website design;10;92;2021-08-07;2021-08-26
Information security audit;10;92;2021-09-09;2021-09-16
CRM development;10;92;2021-10-07;2021-10-24
CRM development;10;92;2021-11-08;2021-11-27
Website development;10;92;2021-12-07;2021-12-23
Website design;10;93;2021-01-10;2021-01-26
Mobile app development;10;93;2021-02-06;2021-02-24
1С maintenance;10;93;2021-03-07;2021-03-18
Staff training;10;93;2021-04-03;2021-04-10
Staff training;10;93;2021-05-08;2021-05-28
CRM development;10;93;2021-06-10;2021-06-23
Researching;10;93;2021-07-06;2021-07-17
Mobile app development;10;93;2021-08-08;2021-08-18
Rebranding;10;93;2021-09-02;2021-09-14
Website design;10;93;2021-10-04;2021-10-15
Mobile app development;10;93;2021-11-07;2021-11-20
Call center launching;10;93;2021-12-08;2021-12-24
Website development;10;94;2021-01-08;2021-01-16
Call center launching;10;94;2021-02-03;2021-02-17
Customer survey;10;94;2021-03-10;2021-03-29
Information security audit;10;94;2021-04-05;2021-04-20
Website development;10;94;2021-05-01;2021-05-19
CRM development;10;94;2021-06-10;2021-06-21
Booklet design;10;94;2021-07-06;2021-07-19
Customer survey;10;94;2021-08-10;2021-08-16
Information security audit;10;94;2021-09-10;2021-09-19
Booklet design;10;94;2021-10-03;2021-10-12
CRM development;10;94;2021-11-08;2021-11-18
Information security audit;10;94;2021-12-01;2021-12-17
Customer survey;10;95;2021-01-04;2021-01-21
1С maintenance;10;95;2021-02-03;2021-02-17
Website design;10;95;2021-03-10;2021-03-18
Staff training;10;95;2021-04-05;2021-04-23
Information security audit;10;95;2021-05-03;2021-05-10
Booklet design;10;95;2021-06-01;2021-06-08
Call center launching;10;95;2021-07-05;2021-07-23
Call center launching;10;95;2021-08-10;2021-08-18
Mobile app development;10;95;2021-09-07;2021-09-19
Mobile app development;10;95;2021-10-07;2021-10-25
Staff training;10;95;2021-11-04;2021-11-19
Customer survey;10;95;2021-12-02;2021-12-12
1С maintenance;10;96;2021-01-09;2021-01-18
1С maintenance;10;96;2021-02-08;2021-02-28
CRM development;10;96;2021-03-08;2021-03-27
Call center launching;10;96;2021-04-03;2021-04-21
Information security audit;10;96;2021-05-10;2021-05-29
Call center launching;10;96;2021-06-07;2021-06-13
CRM development;10;96;2021-07-10;2021-07-16
Website development;10;96;2021-08-06;2021-08-23
Staff training;10;96;2021-09-09;2021-09-19
Call center launching;10;96;2021-10-01;2021-10-09
Customer survey;10;96;2021-11-04;2021-11-17
Booklet design;10;96;2021-12-08;2021-12-21
Information security audit;10;97;2021-01-02;2021-01-10
Customer survey;10;97;2021-02-01;2021-02-21
Call center launching;10;97;2021-03-10;2021-03-21
Booklet design;10;97;2021-04-09;2021-04-28
Booklet design;10;97;2021-05-03;2021-05-20
Customer survey;10;97;2021-06-04;2021-06-14
Information security audit;10;97;2021-07-05;2021-07-12
Staff training;10;97;2021-08-10;2021-08-26
Website development;10;97;2021-09-02;2021-09-07
Wifi network modernization;10;97;2021-10-10;2021-10-20
Call center launching;10;97;2021-11-09;2021-11-15
1С maintenance;10;97;2021-12-07;2021-12-22
Information security audit;10;98;2021-01-08;2021-01-28
Website development;10;98;2021-02-01;2021-02-07
Booklet design;10;98;2021-03-05;2021-03-22
Researching;10;98;2021-04-10;2021-04-29
Wifi network modernization;10;98;2021-05-07;2021-05-26
Staff training;10;98;2021-06-03;2021-06-23
Website design;10;98;2021-07-08;2021-07-14
1С maintenance;10;98;2021-08-06;2021-08-17
Website development;10;98;2021-09-02;2021-09-16
1С maintenance;10;98;2021-10-09;2021-10-17
Information security audit;10;98;2021-11-06;2021-11-25
Call center launching;10;98;2021-12-02;2021-12-14
Wifi network modernization;10;99;2021-01-08;2021-01-17
Rebranding;10;99;2021-02-10;2021-02-25
Booklet design;10;99;2021-03-04;2021-03-10
Call center launching;10;99;2021-04-07;2021-04-12
Booklet design;10;99;2021-05-03;2021-05-15
CRM development;10;99;2021-06-01;2021-06-19
Website design;10;99;2021-07-08;2021-07-19
Rebranding;10;99;2021-08-06;2021-08-24
Call center launching;10;99;2021-09-07;2021-09-22
Wifi network modernization;10;99;2021-10-07;2021-10-13
CRM development;10;99;2021-11-10;2021-11-18
CRM development;10;99;2021-12-05;2021-12-16
Rebranding;10;100;2021-01-10;2021-01-28
Website design;10;100;2021-02-08;2021-02-14
Customer survey;10;100;2021-03-09;2021-03-23
Booklet design;10;100;2021-04-06;2021-04-22
Staff training;10;100;2021-05-08;2021-05-28
Website design;10;100;2021-06-07;2021-06-19
CRM development;10;100;2021-07-06;2021-07-22
Mobile app development;10;100;2021-08-10;2021-08-30
CRM development;10;100;2021-09-03;2021-09-22
Website design;10;100;2021-10-01;2021-10-06
Website development;10;100;2021-11-01;2021-11-18
Wifi network modernization;10;100;2021-12-03;2021-12-20
